{
	"Onboarding": {
		"Schema": "sapmobilesvcs",
		"TimeZone": "UTC",
		"URL": "sapmobilesvcs://?AppId=DISPATCH&ClientId=c3c51938-80a8-4a78-982d-d1e01c046ff0&ServerUrl=https://cloud-foundry-test-libvku6v-dev-dispatch.cfapps.ap10.hana.ondemand.com&SapCloudPlatformEndpoint=https://cloud-foundry-test-libvku6v-dev-dispatch.cfapps.ap10.hana.ondemand.com&AuthorizationEndpointUrl=https://cloud-foundry-test-libvku6v-dev-dispatch.cfapps.ap10.hana.ondemand.com/oauth2/api/v1/authorize&RedirectUrl=https://cloud-foundry-test-libvku6v-dev-dispatch.cfapps.ap10.hana.ondemand.com&TokenUrl=https://cloud-foundry-test-libvku6v-dev-dispatch.cfapps.ap10.hana.ondemand.com/oauth2/api/v1/token&multiUser=false"
	},
	"CF": {
		"Target": "https://api.cf.ap10.hana.ondemand.com",
		"Organization": "a9ae898e-7c91-4565-85ad-48483d7c26d7",
		"Space": "9495526b-d596-4acc-9c0e-3f731ee8d6e1",
		"Deploy": {
			"Destination": [
				{
					"CF": "DISPATCH",
					"MDK": "DISPATCH",
					"URL": ""
				}
			],
			"Name": "ns.BoxDispatch",
			"Version": "1.0.0",
			"AppRouter": "standalone",
			"WebClient": {
				"Runtime": "preview",
				"URL": "https://mdk-webclient-runtime-preview.cfapps.sap.hana.ondemand.com/preview/"
			}
		}
	},
	"MobileService": {
		"Type": "standard",
		"AdminAPI": "https://mobile-service-cockpit-api.cfapps.ap10.hana.ondemand.com/cockpit/v1/org/a9ae898e-7c91-4565-85ad-48483d7c26d7/space/9495526b-d596-4acc-9c0e-3f731ee8d6e1",
		"AppId": "DISPATCH",
		"Destination": [
			"DISPATCH"
		]
	},
	"Build": {
		"SourceMap": false,
		"TSTarget": "es6",
		"WMF": false
	}
}